id,time,exit,detector,dir,regime,class,r_off,r_on,swap_R,comm_R,nights,stop,price,lots_spec,suppressed,terminal
1,2018-01-02 16:00:00,2018-01-08 13:35:38,TrendCont,BUY,TREND_UP,DISCRETION,0.500,0.462,-0.030,-0.007,4,1480.50,14849.55,0.16,False,BE
2,2018-01-22 20:00:00,2018-01-23 11:49:04,EMArevQ,BUY,TREND_UP,DISCRETION,-1.000,-1.023,-0.011,-0.009,1,819.32,10788.25,0.3,False,SL
3,2018-01-25 16:00:00,2018-01-26 07:22:25,TrendCont,BUY,TREND_UP,DISCRETION,0.490,0.435,-0.026,-0.020,1,359.52,11213.05,0.6900000000000001,False,BE
4,2018-01-29 12:00:00,2018-01-30 01:33:41,TrendCont,BUY,TREND_UP,DISCRETION,-1.010,-1.086,-0.036,-0.028,1,260.09,11260.25,0.96,False,SL
5,2018-02-19 08:00:00,2018-02-21 00:15:14,SweepMSS,BUY,TREND_UP,TAKE,0.490,0.454,-0.021,-0.011,2,666.46,10951.66,0.37,False,BE
6,2018-02-21 04:00:00,2018-02-21 14:11:07,TrendCont,BUY,TREND_UP,DISCRETION,-1.010,-1.031,-0.000,-0.015,0,489.11,11127.05,0.51,False,SL
7,2018-02-21 20:00:00,2018-02-22 12:55:58,DeepFib,BUY,TREND_UP,TAKE,-1.000,-1.034,-0.016,-0.012,1,551.36,10451.25,0.45,False,SL
8,2018-02-23 12:00:00,2018-02-26 14:13:57,SweepMSS,SELL,TREND_UP,TAKE,0.540,0.516,-0.009,-0.010,1,652.39,10310.15,0.38,False,BE
9,2018-02-28 12:00:00,2018-03-07 07:31:44,SweepMSS,BUY,TREND_UP,TAKE,0.470,0.431,-0.031,-0.006,5,1158.17,10502.55,0.21,False,BE
10,2018-03-12 00:00:00,2018-03-13 04:43:41,DeepFib,SELL,TREND_UP,TAKE,0.490,0.467,-0.005,-0.012,1,513.24,9467.00,0.48,False,BE
11,2018-03-23 08:00:00,2018-03-29 04:40:01,SweepMSS,SELL,TREND_UP,TAKE,2.000,1.927,-0.042,-0.020,4,279.03,8510.75,0.89,False,TP
12,2018-04-02 08:00:00,2018-04-03 04:02:14,DeepFib,SELL,TREND_DOWN,TAKE,-1.000,-1.066,-0.022,-0.026,1,173.49,7043.95,1.44,False,SL
13,2018-04-04 08:00:00,2018-04-09 00:32:45,TrendCont,SELL,TREND_DOWN,DISCRETION,0.490,0.448,-0.021,-0.012,3,368.27,7065.94,0.67,False,BE
14,2018-04-09 08:00:00,2018-04-12 11:08:52,TrendCont,SELL,TREND_DOWN,DISCRETION,-1.020,-1.062,-0.025,-0.010,3,442.20,6750.60,0.56,False,end
15,2018-04-26 20:00:00,2018-05-11 07:45:12,TrendCont,BUY,TREND_UP,DISCRETION,-1.000,-1.168,-0.152,-0.011,11,564.92,9276.10,0.44,False,SL
16,2018-05-15 20:00:00,2018-05-16 01:24:47,SweepMSS,BUY,CHOP,DISCRETION,-1.040,-1.147,-0.049,-0.038,1,146.75,8470.16,1.7,False,end
17,2018-05-22 00:00:00,2018-05-23 15:35:55,TrendCont,SELL,TREND_DOWN,DISCRETION,2.520,2.436,-0.018,-0.042,1,128.69,8317.65,1.94,False,TP
18,2018-05-30 12:00:00,2018-05-31 06:28:48,TrendCont,SELL,TREND_DOWN,DISCRETION,-1.000,-1.054,-0.018,-0.022,1,219.94,7330.35,1.1300000000000001,False,SL
19,2018-06-04 12:00:00,2018-06-07 00:57:29,TrendCont,SELL,TREND_DOWN,DISCRETION,-1.000,-1.096,-0.058,-0.023,3,211.09,7500.69,1.18,False,SL
20,2018-06-11 12:00:00,2018-06-11 23:36:44,SweepMSS,SELL,TREND_DOWN,TAKE,-1.000,-1.069,-0.000,-0.040,0,108.28,6700.60,2.3000000000000003,False,SL
21,2018-06-15 00:00:00,2018-06-15 16:25:18,TrendCont,SELL,TREND_DOWN,DISCRETION,0.500,0.435,-0.000,-0.038,0,114.27,6602.99,2.18,False,BE
22,2018-06-20 00:00:00,2018-06-20 13:47:44,TrendCont,SELL,TREND_DOWN,DISCRETION,-1.000,-1.051,-0.000,-0.030,0,145.61,6609.80,1.71,False,SL
23,2018-07-05 16:00:00,2018-07-08 21:01:04,SweepMSS,BUY,TREND_DOWN,TAKE,2.520,2.259,-0.138,-0.071,2,59.59,6508.81,4.19,False,end
24,2018-07-13 16:00:00,2018-07-15 21:01:04,TrendCont,SELL,TREND_DOWN,DISCRETION,-1.230,-1.295,-0.021,-0.025,1,160.84,6180.14,1.55,False,end
25,2018-07-30 20:00:00,2018-07-31 12:31:26,TrendCont,BUY,TREND_UP,DISCRETION,-1.000,-1.047,-0.021,-0.016,1,328.26,8174.20,0.76,False,SL
26,2018-08-13 12:00:00,2018-08-15 02:37:28,TrendCont,SELL,TREND_DOWN,DISCRETION,0.490,0.442,-0.020,-0.016,2,257.09,6290.24,0.97,False,BE
27,2018-08-15 20:00:00,2018-08-22 01:03:16,TrendCont,SELL,TREND_DOWN,DISCRETION,-1.000,-1.067,-0.047,-0.011,5,364.34,6269.35,0.68,False,SL
28,2018-08-22 12:00:00,2018-08-27 23:38:19,TrendCont,SELL,TREND_DOWN,DISCRETION,-1.000,-1.058,-0.034,-0.014,3,309.98,6458.64,0.8,False,SL
29,2018-09-05 08:00:00,2018-10-15 06:46:25,TrendCont,SELL,TREND_DOWN,DISCRETION,0.480,0.324,-0.137,-0.011,28,405.03,6990.10,0.61,False,BE
30,2018-10-21 20:00:00,2018-11-04 22:01:06,SweepMSS,SELL,CHOP,DISCRETION,0.480,0.069,-0.322,-0.051,10,81.65,6411.35,3.06,False,BE
31,2018-11-30 08:00:00,2018-12-20 08:20:05,TrendCont,SELL,TREND_DOWN,DISCRETION,0.490,0.423,-0.052,-0.007,14,373.32,3941.99,0.66,False,BE
32,2018-12-21 16:00:00,2018-12-24 00:45:44,TrendCont,SELL,TREND_DOWN,DISCRETION,-1.000,-1.026,-0.007,-0.008,1,294.20,3813.34,0.84,False,SL
33,2018-12-31 08:00:00,2019-01-02 13:32:43,TrendCont,SELL,TREND_DOWN,DISCRETION,-1.010,-1.101,-0.039,-0.023,2,105.21,3740.99,2.37,False,SL
34,2019-01-03 16:00:00,2019-01-06 22:00:07,TrendCont,SELL,TREND_DOWN,DISCRETION,-3.190,-3.312,-0.052,-0.031,2,79.40,3779.94,3.14,False,end
36,2019-01-24 12:00:00,2019-01-24 19:05:36,TrendCont,SELL,TREND_DOWN,DISCRETION,-1.010,-1.236,-0.000,-0.097,0,23.85,3556.44,10.48,False,SL
37,2019-01-25 16:00:00,2019-01-28 05:17:08,TrendCont,SELL,TREND_DOWN,DISCRETION,2.500,2.224,-0.073,-0.087,1,26.61,3546.64,9.39,False,TP
38,2019-01-30 16:00:00,2019-01-31 00:57:28,TrendCont,SELL,TREND_DOWN,DISCRETION,-1.010,-1.287,-0.072,-0.086,1,26.05,3436.49,9.59,False,SL
39,2019-01-31 08:00:00,2019-02-03 22:00:05,SweepMSS,BUY,TREND_DOWN,TAKE,0.330,0.085,-0.110,-0.056,2,39.24,3409.01,6.37,False,end
40,2019-02-04 00:00:00,2019-02-08 14:03:56,TrendCont,SELL,TREND_DOWN,DISCRETION,0.490,0.224,-0.136,-0.054,4,41.06,3413.19,6.08,False,BE
41,2019-02-13 04:00:00,2019-02-15 11:04:24,EMArevQ,SELL,TREND_DOWN,DISCRETION,0.450,0.215,-0.099,-0.059,2,39.81,3589.49,6.2700000000000005,False,BE
42,2019-02-21 20:00:00,2019-02-24 22:00:16,DeepFib,BUY,TREND_DOWN,TAKE,-1.830,-2.258,-0.200,-0.103,2,24.65,3900.20,10.14,False,end
43,2019-02-25 20:00:00,2019-02-26 15:34:58,TrendCont,SELL,TREND_DOWN,DISCRETION,0.560,0.395,-0.045,-0.053,1,46.53,3818.30,5.37,False,BE
44,2019-02-27 12:00:00,2019-02-27 20:35:20,TrendCont,SELL,TREND_DOWN,DISCRETION,2.520,2.323,-0.000,-0.087,0,28.24,3798.05,8.85,False,TP
45,2019-03-21 12:00:00,2019-03-27 01:37:32,TrendCont,SELL,TREND_DOWN,DISCRETION,0.510,0.380,-0.070,-0.028,4,93.49,3965.80,2.67,False,BE
47,2019-04-19 04:00:00,2019-04-21 21:01:03,TrendCont,BUY,TREND_UP,DISCRETION,0.420,0.261,-0.040,-0.062,1,54.64,5247.76,4.57,False,end
48,2019-04-21 20:00:00,2019-04-22 16:14:00,TrendCont,BUY,TREND_UP,DISCRETION,0.500,0.399,-0.000,-0.053,0,64.41,5297.65,3.88,False,BE
49,2019-04-24 12:00:00,2019-04-25 22:01:10,TrendCont,BUY,TREND_UP,DISCRETION,-1.000,-1.128,-0.052,-0.040,1,87.76,5459.65,2.84,False,SL
50,2019-05-07 20:00:00,2019-05-09 01:07:53,SweepMSS,BUY,TREND_UP,TAKE,2.000,1.860,-0.072,-0.037,2,100.67,5746.76,2.48,False,TP
51,2019-05-16 12:00:00,2019-05-16 20:59:17,TrendCont,BUY,TREND_UP,DISCRETION,-1.000,-1.028,-0.000,-0.018,0,293.24,8021.65,0.85,False,SL
52,2019-05-16 20:00:00,2019-05-17 02:56:19,DeepFib,BUY,TREND_UP,TAKE,-1.000,-1.062,-0.028,-0.021,1,239.79,7880.36,1.04,False,SL
53,2019-05-20 20:00:00,2019-05-22 22:05:47,TrendCont,BUY,TREND_UP,DISCRETION,-1.000,-1.047,-0.029,-0.011,2,465.80,8002.76,0.53,False,SL
54,2019-05-29 08:00:00,2019-05-30 16:17:10,TrendCont,BUY,TREND_UP,DISCRETION,0.500,0.424,-0.034,-0.027,1,211.36,8628.95,1.18,False,BE
55,2019-05-31 20:00:00,2019-06-03 23:23:25,TrendCont,BUY,TREND_UP,DISCRETION,-1.000,-1.032,-0.015,-0.011,1,502.41,8713.45,0.49,False,SL
57,2019-06-25 12:00:00,2019-06-26 18:34:34,SweepMSS,BUY,TREND_UP,TAKE,2.030,2.004,-0.012,-0.010,1,774.44,11352.80,0.32,False,TP
58,2019-06-28 08:00:00,2019-06-30 23:56:56,TrendCont,BUY,TREND_UP,DISCRETION,-1.010,-1.025,-0.007,-0.006,1,1408.79,12074.91,0.17,False,end
59,2019-07-02 12:00:00,2019-07-02 21:25:16,EMArevQ,BUY,TREND_UP,DISCRETION,0.150,0.140,-0.000,-0.007,0,1010.04,10603.50,0.24,False,BE
60,2019-07-17 04:00:00,2019-07-17 11:31:03,EMArevQ,BUY,TREND_UP,DISCRETION,-1.000,-1.025,-0.000,-0.016,0,379.22,9570.91,0.65,False,SL
61,2019-07-18 12:00:00,2019-07-28 22:29:19,TrendCont,BUY,TREND_UP,DISCRETION,-1.000,-1.059,-0.051,-0.006,7,1217.39,10464.00,0.2,False,SL
62,2019-08-07 00:00:00,2019-08-29 07:20:55,SweepMSS,SELL,TREND_UP,TAKE,2.000,1.898,-0.087,-0.010,16,728.22,11621.70,0.34,False,TP
63,2019-09-12 12:00:00,2019-09-19 03:02:03,TrendCont,BUY,TREND_UP,DISCRETION,-1.000,-1.171,-0.140,-0.022,5,311.18,10332.20,0.8,False,SL
64,2019-09-19 20:00:00,2019-09-23 14:24:21,TrendCont,BUY,TREND_UP,DISCRETION,-1.000,-1.062,-0.040,-0.015,2,433.51,10273.20,0.5700000000000001,False,SL
65,2019-09-30 08:00:00,2019-09-30 13:31:49,SweepMSS,SELL,CHOP,DISCRETION,-1.070,-1.144,-0.000,-0.047,0,111.88,8045.49,2.23,False,end
66,2019-10-03 20:00:00,2019-10-07 15:16:23,SweepMSS,SELL,TREND_DOWN,TAKE,0.500,0.419,-0.036,-0.028,2,188.17,8241.45,1.32,False,BE
67,2019-10-08 04:00:00,2019-10-15 16:12:30,SweepMSS,BUY,TREND_DOWN,TAKE,0.500,0.437,-0.045,-0.012,5,462.12,8218.65,0.54,False,BE
68,2019-10-17 16:00:00,2019-10-20 21:01:04,TrendCont,SELL,TREND_DOWN,DISCRETION,-0.630,-0.836,-0.091,-0.072,2,72.53,8060.85,3.44,False,end
69,2019-10-22 20:00:00,2019-10-25 15:47:30,TrendCont,SELL,TREND_DOWN,DISCRETION,0.500,0.443,-0.029,-0.017,3,299.58,8023.60,0.8300000000000001,False,BE
70,2019-11-10 20:00:00,2019-11-18 17:25:16,DeepFib,SELL,TREND_UP,TAKE,2.720,2.588,-0.077,-0.036,5,161.25,9035.35,1.55,False,TP
71,2019-11-25 16:00:00,2019-11-27 12:03:41,DeepFib,SELL,TREND_DOWN,TAKE,0.500,0.417,-0.042,-0.025,2,189.72,7209.64,1.31,False,BE
72,2019-12-02 00:00:00,2019-12-18 22:59:32,TrendCont,SELL,TREND_DOWN,DISCRETION,0.490,0.368,-0.103,-0.011,12,428.88,7365.45,0.58,False,BE
73,2019-12-24 04:00:00,2020-01-03 08:42:21,TrendCont,SELL,TREND_DOWN,DISCRETION,0.500,0.304,-0.155,-0.025,8,192.04,7254.19,1.3,False,BE
74,2020-01-09 08:00:00,2020-01-10 12:46:03,TrendCont,SELL,TREND_DOWN,DISCRETION,0.500,0.435,-0.022,-0.027,1,192.51,7873.74,1.29,False,BE
75,2020-01-21 20:00:00,2020-01-23 05:35:42,TrendCont,BUY,TREND_UP,DISCRETION,-1.000,-1.094,-0.059,-0.023,2,248.20,8722.60,1.0,False,SL
76,2020-01-31 12:00:00,2020-02-02 23:59:20,TrendCont,BUY,TREND_UP,DISCRETION,0.500,0.369,-0.061,-0.047,1,129.25,9315.00,1.93,False,BE
77,2020-02-11 08:00:00,2020-02-13 07:09:31,DeepFib,BUY,TREND_UP,TAKE,4.170,3.980,-0.088,-0.068,2,93.29,9804.95,2.67,False,TP
78,2020-02-13 12:00:00,2020-02-17 14:11:32,SweepMSS,SELL,TREND_UP,TAKE,2.460,2.378,-0.044,-0.026,2,254.79,10263.80,0.98,False,TP
79,2020-02-18 16:00:00,2020-02-19 21:47:23,TrendCont,BUY,TREND_UP,DISCRETION,-1.000,-1.038,-0.018,-0.014,1,474.07,10067.60,0.52,False,SL
80,2020-02-23 20:00:00,2020-02-24 18:01:46,TrendCont,BUY,TREND_UP,DISCRETION,-1.000,-1.024,-0.000,-0.016,0,403.86,9966.50,0.61,False,SL
81,2020-03-11 16:00:00,2020-03-12 04:20:56,EMArevQ,BUY,CHOP,DISCRETION,-1.000,-1.057,-0.025,-0.020,1,259.03,7832.86,0.96,False,SL
82,2020-03-17 20:00:00,2020-03-18 13:53:29,TrendCont,SELL,TREND_DOWN,DISCRETION,0.500,0.464,-0.011,-0.013,1,261.57,5336.10,0.9500000000000001,False,BE
83,2020-03-19 00:00:00,2020-03-19 09:24:14,TrendCont,SELL,TREND_DOWN,DISCRETION,-1.000,-1.033,-0.000,-0.017,0,197.78,5302.14,1.26,False,SL
84,2020-03-31 08:00:00,2020-04-01 21:04:49,TrendCont,SELL,TREND_DOWN,DISCRETION,0.500,0.427,-0.024,-0.028,1,147.41,6399.89,1.69,False,BE
85,2020-04-02 16:00:00,2020-04-06 19:04:41,EMArevQ,SELL,TREND_DOWN,DISCRETION,-1.000,-1.033,-0.016,-0.010,2,452.53,6809.54,0.55,False,SL
86,2020-04-09 08:00:00,2020-04-16 23:00:38,TrendCont,SELL,TREND_DOWN,DISCRETION,0.500,0.401,-0.060,-0.024,5,197.47,7193.10,1.26,False,BE
87,2020-04-20 08:00:00,2020-04-23 13:35:42,TrendCont,SELL,TREND_DOWN,DISCRETION,-1.000,-1.073,-0.044,-0.017,3,260.51,6972.80,0.9500000000000001,False,SL
88,2020-05-04 08:00:00,2020-05-06 12:04:23,TrendCont,BUY,TREND_UP,DISCRETION,2.510,2.419,-0.041,-0.032,2,176.42,8688.00,1.41,False,TP
89,2020-05-12 16:00:00,2020-05-13 12:52:06,DeepFib,SELL,TREND_UP,TAKE,-1.000,-1.046,-0.016,-0.019,1,297.16,8797.95,0.84,False,SL
90,2020-05-15 04:00:00,2020-05-15 20:38:10,TrendCont,BUY,TREND_UP,DISCRETION,-1.000,-1.021,-0.000,-0.014,0,446.21,9674.85,0.56,False,SL
91,2020-05-18 00:00:00,2020-05-21 14:17:02,TrendCont,BUY,TREND_UP,DISCRETION,-1.000,-1.046,-0.034,-0.009,3,742.56,9860.05,0.33,False,SL
92,2020-05-25 04:00:00,2020-05-28 15:43:44,EMArevQ,BUY,TREND_UP,DISCRETION,1.820,1.709,-0.076,-0.023,3,246.94,8865.15,1.01,False,TP
93,2020-06-03 08:00:00,2020-06-05 11:54:52,TrendCont,BUY,TREND_UP,DISCRETION,0.490,0.402,-0.050,-0.026,2,244.35,9619.25,1.02,False,BE
94,2020-06-05 08:00:00,2020-06-11 12:59:29,SweepMSS,BUY,TREND_UP,TAKE,0.500,0.349,-0.113,-0.025,4,251.71,9694.60,0.99,False,BE
95,2020-06-15 12:00:00,2020-06-17 20:00:04,EMArevQ,BUY,TREND_UP,DISCRETION,0.190,0.130,-0.038,-0.015,2,415.34,9302.95,0.6,False,BE
96,2020-07-01 12:00:00,2020-07-02 15:04:54,TrendCont,BUY,TREND_UP,DISCRETION,-1.000,-1.112,-0.052,-0.040,1,151.40,9270.80,1.6500000000000001,False,SL
97,2020-07-02 16:00:00,2020-07-05 21:01:06,EMArevQ,BUY,TREND_UP,DISCRETION,0.350,0.194,-0.072,-0.055,2,106.12,9042.75,2.35,False,end
98,2020-08-03 00:00:00,2020-08-04 11:53:25,TrendCont,BUY,TREND_UP,DISCRETION,0.490,0.409,-0.025,-0.039,1,185.34,11130.85,1.34,False,BE
99,2020-08-04 12:00:00,2020-08-10 02:06:00,TrendCont,BUY,TREND_UP,DISCRETION,2.520,2.345,-0.121,-0.037,4,194.58,11213.45,1.28,False,TP
100,2020-08-10 12:00:00,2020-08-11 15:13:30,TrendCont,BUY,TREND_UP,DISCRETION,-1.000,-1.048,-0.023,-0.018,1,436.14,11934.25,0.5700000000000001,False,SL
101,2020-08-17 12:00:00,2020-08-19 04:17:12,SweepMSS,BUY,TREND_UP,TAKE,-1.000,-1.048,-0.031,-0.012,2,664.98,12426.60,0.37,False,SL
102,2020-08-19 08:00:00,2020-08-19 15:09:03,DeepFib,BUY,TREND_UP,TAKE,-1.000,-1.086,-0.000,-0.062,0,124.85,11848.75,2.0,False,SL
103,2020-09-01 00:00:00,2020-09-02 08:04:48,TrendCont,BUY,TREND_UP,DISCRETION,0.500,0.404,-0.030,-0.047,1,162.10,11697.95,1.54,False,BE
104,2020-09-07 20:00:00,2020-09-08 22:20:27,TrendCont,BUY,TREND_UP,DISCRETION,-1.000,-1.036,-0.017,-0.013,1,512.54,10377.16,0.48,False,SL
105,2020-09-08 20:00:00,2020-09-13 03:38:47,EMArevQ,BUY,TREND_UP,DISCRETION,0.890,0.739,-0.117,-0.023,4,290.53,10128.25,0.86,False,TP
106,2020-09-14 04:00:00,2020-09-16 16:38:50,TrendCont,BUY,TREND_UP,DISCRETION,2.500,2.384,-0.055,-0.042,2,160.40,10405.70,1.55,False,TP
107,2020-09-17 16:00:00,2020-09-20 02:00:36,TrendCont,BUY,TREND_UP,DISCRETION,0.510,0.355,-0.100,-0.038,2,184.84,10924.45,1.35,False,BE
108,2020-09-20 04:00:00,2020-09-20 12:16:51,TrendCont,BUY,TREND_UP,DISCRETION,-1.010,-1.166,-0.000,-0.109,0,65.68,10965.30,3.8000000000000003,False,SL
109,2020-09-25 12:00:00,2020-09-27 06:42:12,TrendCont,BUY,TREND_UP,DISCRETION,0.490,0.318,-0.081,-0.063,1,110.62,10658.15,2.25,False,BE
110,2020-09-27 12:00:00,2020-09-28 23:15:21,TrendCont,BUY,TREND_UP,DISCRETION,0.500,0.440,-0.000,-0.042,0,168.49,10758.25,1.48,False,BE
111,2020-09-29 08:00:00,2020-09-29 17:06:15,TrendCont,BUY,TREND_UP,DISCRETION,-1.000,-1.089,-0.000,-0.062,0,112.88,10762.65,2.21,False,SL
112,2020-09-30 12:00:00,2020-10-01 15:51:24,TrendCont,BUY,TREND_UP,DISCRETION,0.500,0.346,-0.073,-0.056,1,124.77,10782.55,2.0,False,BE
113,2020-10-06 12:00:00,2020-10-06 18:55:51,TrendCont,BUY,TREND_UP,DISCRETION,-1.000,-1.088,-0.000,-0.061,0,114.73,10735.16,2.17,False,SL
114,2020-10-07 04:00:00,2020-10-08 14:37:39,SweepMSS,SELL,CHOP,DISCRETION,-1.000,-1.092,-0.034,-0.040,1,172.54,10621.45,1.44,False,SL
115,2020-10-12 12:00:00,2020-10-21 22:15:51,TrendCont,BUY,TREND_UP,DISCRETION,2.500,2.300,-0.171,-0.020,7,369.33,11554.70,0.67,False,TP
116,2020-10-25 16:00:00,2020-10-26 15:37:34,TrendCont,BUY,TREND_UP,DISCRETION,0.500,0.429,-0.000,-0.052,0,162.10,13054.05,1.54,False,BE
117,2020-10-29 12:00:00,2020-11-02 09:00:11,TrendCont,BUY,TREND_UP,DISCRETION,0.500,0.429,-0.046,-0.018,2,487.12,13447.91,0.51,False,BE
118,2020-11-04 04:00:00,2020-11-05 10:51:48,SweepMSS,BUY,TREND_UP,TAKE,2.010,1.956,-0.017,-0.027,1,327.85,13605.95,0.76,False,TP
119,2020-11-08 08:00:00,2020-11-09 13:50:42,TrendCont,BUY,TREND_UP,DISCRETION,0.490,0.464,-0.000,-0.020,0,489.35,15185.85,0.51,False,BE
120,2020-11-14 20:00:00,2020-11-17 16:55:49,TrendCont,BUY,TREND_UP,DISCRETION,2.500,2.447,-0.018,-0.027,1,380.74,16080.80,0.65,False,TP
121,2020-11-19 08:00:00,2020-11-22 11:49:10,TrendCont,BUY,TREND_UP,DISCRETION,0.490,0.410,-0.048,-0.025,2,463.50,17778.66,0.53,False,BE
122,2020-11-22 12:00:00,2020-11-26 03:02:29,TrendCont,BUY,TREND_UP,DISCRETION,0.490,0.427,-0.043,-0.016,3,725.02,18311.31,0.34,False,BE
123,2020-11-28 12:00:00,2020-12-16 13:45:42,TrendCont,BUY,TREND_UP,DISCRETION,2.550,2.404,-0.125,-0.016,12,706.60,17531.45,0.35000000000000003,False,TP
124,2020-12-22 08:00:00,2020-12-23 11:09:41,TrendCont,BUY,TREND_UP,DISCRETION,0.480,0.434,-0.024,-0.019,1,808.43,23123.91,0.3,False,BE
125,2020-12-23 12:00:00,2020-12-23 22:23:09,TrendCont,BUY,TREND_UP,DISCRETION,-1.000,-1.026,-0.000,-0.021,0,711.80,23452.76,0.35000000000000003,False,SL
126,2020-12-29 08:00:00,2021-01-02 13:38:44,TrendCont,BUY,TREND_UP,DISCRETION,2.500,2.428,-0.053,-0.016,4,1073.45,26838.21,0.23,False,TP
127,2021-01-04 12:00:00,2021-01-11 14:09:39,TrendCont,BUY,TREND_UP,DISCRETION,0.500,0.471,-0.023,-0.005,5,4017.45,31776.76,0.06,False,BE
128,2021-01-16 08:00:00,2021-01-17 06:01:09,TrendCont,BUY,TREND_UP,DISCRETION,-1.000,-1.012,-0.000,-0.011,0,2288.85,37678.90,0.1,False,SL
129,2021-01-25 20:00:00,2021-01-26 07:21:47,SweepMSS,BUY,TREND_UP,TAKE,-1.000,-1.047,-0.025,-0.019,1,1089.14,32269.01,0.22,False,SL
130,2021-01-26 20:00:00,2021-01-27 11:56:29,TrendCont,BUY,TREND_UP,DISCRETION,-1.000,-1.029,-0.015,-0.012,1,1790.64,32520.10,0.13,False,SL
131,2021-01-29 08:00:00,2021-02-21 19:04:21,TrendCont,BUY,TREND_UP,DISCRETION,2.800,2.730,-0.065,-0.005,16,5292.77,37130.70,0.04,False,TP
132,2021-02-22 04:00:00,2021-02-22 09:37:49,TrendCont,BUY,TREND_UP,DISCRETION,-1.000,-1.027,-0.000,-0.025,0,1472.15,56480.61,0.16,False,SL
133,2021-03-02 20:00:00,2021-03-04 17:56:46,TrendCont,BUY,TREND_UP,DISCRETION,0.470,0.408,-0.039,-0.020,2,1553.66,48491.85,0.16,False,BE
134,2021-03-08 08:00:00,2021-03-10 00:27:29,TrendCont,BUY,TREND_UP,DISCRETION,2.570,2.509,-0.033,-0.026,2,1283.79,50503.15,0.19,False,TP
135,2021-03-12 12:00:00,2021-03-15 09:22:19,TrendCont,BUY,TREND_UP,DISCRETION,0.460,0.417,-0.023,-0.018,1,2055.18,56973.31,0.12,False,BE
137,2021-03-20 00:00:00,2021-03-20 20:24:29,TrendCont,BUY,TREND_UP,DISCRETION,0.490,0.429,-0.000,-0.056,0,674.86,58394.25,0.37,False,BE
138,2021-03-24 08:00:00,2021-03-24 20:30:55,TrendCont,BUY,TREND_UP,DISCRETION,-1.000,-1.013,-0.000,-0.012,0,3183.34,56586.45,0.07,False,SL
139,2021-03-27 12:00:00,2021-03-28 19:13:55,TrendCont,BUY,TREND_UP,DISCRETION,0.480,0.445,-0.000,-0.032,0,1111.28,54986.25,0.22,False,BE
140,2021-03-28 20:00:00,2021-04-07 11:37:11,TrendCont,BUY,TREND_UP,DISCRETION,0.500,0.324,-0.142,-0.031,7,1156.12,55777.65,0.21,False,BE
141,2021-04-08 12:00:00,2021-04-14 03:50:23,TrendCont,BUY,TREND_UP,DISCRETION,2.500,2.378,-0.096,-0.025,4,1523.33,57764.85,0.16,False,TP
142,2021-04-14 20:00:00,2021-04-16 06:05:06,TrendCont,BUY,TREND_UP,DISCRETION,-1.000,-1.085,-0.060,-0.023,2,1772.20,62971.50,0.14,False,SL
143,2021-04-17 00:00:00,2021-04-18 03:19:23,SweepMSS,SELL,TREND_UP,TAKE,2.050,2.021,-0.000,-0.027,0,1496.99,62435.85,0.16,False,TP
144,2021-04-18 00:00:00,2021-04-27 11:50:02,SweepMSS,SELL,TREND_UP,TAKE,0.500,0.470,-0.024,-0.006,6,6273.34,55077.94,0.03,False,BE
145,2021-04-29 04:00:00,2021-04-29 15:17:14,TrendCont,BUY,TREND_UP,DISCRETION,-1.000,-1.038,-0.000,-0.035,0,1025.25,54481.15,0.24,False,SL
146,2021-05-02 04:00:00,2021-05-02 09:23:05,TrendCont,BUY,TREND_UP,DISCRETION,-1.000,-1.073,-0.000,-0.068,0,544.01,56662.61,0.45,False,SL
147,2021-05-03 20:00:00,2021-05-04 00:51:38,SweepMSS,BUY,TREND_UP,TAKE,-1.000,-1.074,-0.040,-0.031,1,1196.14,57197.00,0.2,False,SL
148,2021-05-07 00:00:00,2021-05-07 16:58:45,SweepMSS,SELL,CHOP,DISCRETION,-1.000,-1.016,-0.000,-0.014,0,2531.37,55749.55,0.09,False,SL
149,2021-05-11 16:00:00,2021-05-13 00:02:00,SweepMSS,SELL,CHOP,DISCRETION,2.110,2.081,-0.016,-0.012,2,2997.23,56694.44,0.08,False,TP
150,2021-05-15 08:00:00,2021-05-15 16:33:52,EMArevQ,BUY,TREND_UP,DISCRETION,-1.000,-1.027,-0.000,-0.025,0,1291.05,48976.00,0.19,False,SL
151,2021-05-24 12:00:00,2021-05-24 19:44:11,DeepFib,SELL,TREND_DOWN,TAKE,-1.040,-1.062,-0.000,-0.019,0,1269.09,37593.75,0.19,False,end
152,2021-05-24 20:00:00,2021-06-08 02:45:35,SweepMSS,BUY,TREND_DOWN,TAKE,-1.000,-1.065,-0.060,-0.004,11,5947.39,38832.20,0.04,False,SL
153,2021-06-10 00:00:00,2021-06-18 14:09:42,SweepMSS,BUY,TREND_DOWN,TAKE,0.450,0.389,-0.050,-0.010,6,2481.86,36975.70,0.1,False,BE
154,2021-06-21 00:00:00,2021-06-23 13:14:23,TrendCont,SELL,TREND_DOWN,DISCRETION,0.500,0.471,-0.012,-0.015,2,1548.78,34660.60,0.16,False,BE
155,2021-06-23 12:00:00,2021-06-24 17:07:28,TrendCont,SELL,TREND_DOWN,DISCRETION,-1.000,-1.029,-0.012,-0.015,1,1469.18,33500.85,0.17,False,SL
156,2021-06-30 12:00:00,2021-07-03 07:35:43,TrendCont,SELL,TREND_DOWN,DISCRETION,0.500,0.449,-0.031,-0.018,3,1221.40,34195.50,0.2,False,BE
157,2021-07-14 16:00:00,2021-07-19 14:20:15,DeepFib,SELL,CHOP,DISCRETION,2.880,2.752,-0.076,-0.045,3,468.29,32728.65,0.53,False,TP
158,2021-08-05 16:00:00,2021-09-21 00:22:17,TrendCont,BUY,TREND_UP,DISCRETION,0.500,0.319,-0.173,-0.008,33,3474.51,40717.10,0.07,False,BE
159,2021-09-23 00:00:00,2021-09-24 09:27:51,TrendCont,BUY,TREND_UP,DISCRETION,-1.000,-1.052,-0.028,-0.022,1,1316.91,44086.95,0.18,False,SL
160,2021-10-03 20:00:00,2021-10-04 15:02:40,SweepMSS,BUY,TREND_UP,TAKE,-1.000,-1.029,-0.000,-0.026,0,1185.87,48226.00,0.21,False,SL
161,2021-10-04 12:00:00,2021-10-05 20:15:08,TrendCont,BUY,TREND_UP,DISCRETION,2.500,2.441,-0.022,-0.034,1,925.52,47783.70,0.27,False,TP
162,2021-10-08 12:00:00,2021-10-10 20:26:11,EMArevQ,SELL,TREND_UP,DISCRETION,-1.010,-1.047,-0.016,-0.019,1,1858.67,54335.44,0.13,False,SL
163,2021-10-11 00:00:00,2021-10-12 20:07:59,TrendCont,BUY,TREND_UP,DISCRETION,-1.000,-1.039,-0.021,-0.017,1,2216.08,56513.00,0.11,False,SL
164,2021-10-13 00:00:00,2021-10-13 15:07:53,SweepMSS,SELL,TREND_UP,TAKE,0.500,0.469,-0.000,-0.029,0,1273.94,56291.10,0.19,False,BE
165,2021-10-15 00:00:00,2021-10-17 20:20:51,TrendCont,BUY,TREND_UP,DISCRETION,0.500,0.475,-0.009,-0.014,1,2718.82,59433.95,0.09,False,BE
166,2021-10-17 20:00:00,2021-10-22 14:03:26,TrendCont,BUY,TREND_UP,DISCRETION,0.500,0.435,-0.049,-0.015,4,2640.11,61525.06,0.09,False,BE
167,2021-10-25 00:00:00,2021-10-27 08:02:00,TrendCont,BUY,TREND_UP,DISCRETION,-1.000,-1.056,-0.039,-0.015,2,2654.52,62088.70,0.09,False,SL
168,2021-10-28 08:00:00,2021-10-28 18:39:52,TrendCont,BUY,TREND_UP,DISCRETION,-1.000,-1.014,-0.000,-0.013,0,2974.98,60987.75,0.08,False,SL
170,2021-11-02 04:00:00,2021-11-03 18:00:19,TrendCont,BUY,TREND_UP,DISCRETION,0.470,0.413,-0.021,-0.033,1,1207.38,61548.81,0.2,False,BE
171,2021-11-03 16:00:00,2021-11-06 11:06:16,TrendCont,BUY,TREND_UP,DISCRETION,-1.000,-1.076,-0.059,-0.015,3,2676.84,62841.50,0.09,False,SL
172,2021-11-13 12:00:00,2021-11-15 15:04:22,TrendCont,BUY,TREND_UP,DISCRETION,0.470,0.438,-0.000,-0.030,0,1400.90,64696.81,0.17,False,BE
173,2021-11-20 16:00:00,2021-11-22 03:35:17,TrendCont,BUY,TREND_UP,DISCRETION,-1.000,-1.019,-0.000,-0.018,0,2185.44,59490.45,0.11,False,SL
174,2021-11-22 12:00:00,2021-11-25 00:47:33,SweepMSS,SELL,CHOP,DISCRETION,0.500,0.447,-0.028,-0.022,3,1688.29,58219.35,0.14,False,BE
175,2021-12-05 20:00:00,2021-12-06 09:36:14,EMArevQ,BUY,CHOP,DISCRETION,-1.000,-1.019,-0.000,-0.017,0,1843.75,49453.20,0.13,False,SL
176,2021-12-06 20:00:00,2021-12-09 18:35:32,TrendCont,BUY,TREND_UP,DISCRETION,-1.000,-1.056,-0.044,-0.011,3,2908.07,50515.35,0.08,False,SL
177,2021-12-13 20:00:00,2021-12-15 19:09:33,TrendCont,SELL,TREND_DOWN,DISCRETION,-1.010,-1.045,-0.021,-0.013,2,2410.29,46727.05,0.1,False,SL
178,2021-12-18 12:00:00,2021-12-19 03:12:42,TrendCont,SELL,TREND_DOWN,DISCRETION,-1.000,-1.059,-0.000,-0.054,0,565.89,46885.15,0.44,False,SL
179,2021-12-19 08:00:00,2021-12-19 14:14:26,SweepMSS,BUY,TREND_DOWN,TAKE,0.490,0.442,-0.000,-0.043,0,708.62,47166.85,0.35000000000000003,False,BE
180,2021-12-27 20:00:00,2021-12-28 01:38:31,SweepMSS,BUY,CHOP,DISCRETION,-1.000,-1.096,-0.052,-0.040,1,816.93,50708.90,0.3,False,SL
181,2022-01-04 16:00:00,2022-01-10 14:24:42,TrendCont,SELL,TREND_DOWN,DISCRETION,2.600,2.538,-0.040,-0.019,4,1556.14,46046.35,0.16,False,TP
182,2022-01-11 08:00:00,2022-01-11 16:34:36,TrendCont,SELL,TREND_DOWN,DISCRETION,-1.000,-1.040,-0.000,-0.036,0,751.93,41881.85,0.33,False,SL
183,2022-01-16 16:00:00,2022-01-20 14:49:16,TrendCont,SELL,TREND_DOWN,DISCRETION,0.500,0.436,-0.034,-0.027,3,1033.77,42839.94,0.24,False,BE
185,2022-01-25 04:00:00,2022-01-26 04:48:48,TrendCont,SELL,TREND_DOWN,DISCRETION,-1.000,-1.031,-0.013,-0.016,1,1510.82,36105.80,0.16,False,SL
186,2022-01-27 12:00:00,2022-01-27 22:42:47,TrendCont,SELL,TREND_DOWN,DISCRETION,0.500,0.458,-0.000,-0.038,0,633.42,36656.55,0.39,False,BE
187,2022-02-02 12:00:00,2022-02-04 15:15:50,TrendCont,SELL,TREND_DOWN,DISCRETION,-1.000,-1.050,-0.030,-0.018,2,1358.29,37484.75,0.18,False,SL
188,2022-02-10 20:00:00,2022-02-28 22:34:02,TrendCont,SELL,TREND_DOWN,DISCRETION,0.440,0.344,-0.083,-0.012,12,2436.22,43500.19,0.1,False,end
189,2022-03-03 12:00:00,2022-03-09 15:59:00,TrendCont,SELL,TREND_DOWN,DISCRETION,0.500,0.447,-0.035,-0.016,4,1681.40,42555.35,0.14,False,BE
190,2022-03-10 20:00:00,2022-03-11 11:31:57,TrendCont,SELL,TREND_DOWN,DISCRETION,0.480,0.425,-0.023,-0.028,1,921.77,39437.55,0.27,False,BE
191,2022-03-11 12:00:00,2022-03-14 07:34:15,TrendCont,SELL,TREND_DOWN,DISCRETION,0.500,0.460,-0.017,-0.021,1,1237.77,39092.80,0.2,False,BE
192,2022-03-14 08:00:00,2022-03-14 20:04:52,TrendCont,SELL,TREND_DOWN,DISCRETION,0.480,0.416,-0.000,-0.057,0,443.92,38912.69,0.56,False,BE
193,2022-03-15 00:00:00,2022-03-16 02:08:17,SweepMSS,BUY,TREND_DOWN,TAKE,2.030,1.966,-0.023,-0.036,1,694.75,38772.50,0.35000000000000003,False,TP
194,2022-03-21 00:00:00,2022-03-21 14:20:27,SweepMSS,BUY,TREND_DOWN,TAKE,0.490,0.429,-0.000,-0.055,0,483.20,40853.56,0.51,False,BE
195,2022-03-22 04:00:00,2022-03-24 06:28:16,EMArevQ,SELL,TREND_DOWN,DISCRETION,-1.010,-1.076,-0.040,-0.024,2,1154.34,42236.10,0.21,False,SL
196,2022-04-01 12:00:00,2022-04-06 00:21:05,TrendCont,BUY,TREND_UP,DISCRETION,-1.000,-1.073,-0.057,-0.015,3,2066.64,46560.95,0.12,False,SL
197,2022-04-08 20:00:00,2022-04-21 10:19:32,SweepMSS,SELL,CHOP,DISCRETION,0.460,0.378,-0.065,-0.015,9,1777.51,42289.19,0.14,False,BE
198,2022-04-21 16:00:00,2022-05-08 17:04:10,TrendCont,SELL,TREND_DOWN,DISCRETION,2.600,2.503,-0.081,-0.015,12,1815.14,41240.85,0.13,False,TP
199,2022-05-13 04:00:00,2022-05-14 22:52:38,TrendCont,SELL,TREND_DOWN,DISCRETION,0.480,0.443,-0.016,-0.019,1,1046.31,30100.05,0.23,False,BE
200,2022-05-15 00:00:00,2022-05-15 12:01:14,TrendCont,SELL,TREND_DOWN,DISCRETION,-1.000,-1.032,-0.000,-0.028,0,694.61,29685.09,0.35000000000000003,False,SL
201,2022-05-20 12:00:00,2022-05-23 06:42:05,TrendCont,SELL,TREND_DOWN,DISCRETION,-1.000,-1.026,-0.011,-0.013,1,1464.67,29110.34,0.17,False,SL
202,2022-05-24 16:00:00,2022-05-24 23:09:51,TrendCont,SELL,TREND_DOWN,DISCRETION,-1.000,-1.077,-0.000,-0.066,0,290.14,29410.74,0.86,False,SL
203,2022-05-25 00:00:00,2022-05-26 08:25:48,SweepMSS,SELL,TREND_DOWN,TAKE,1.940,1.846,-0.025,-0.059,1,329.70,30163.94,0.75,False,TP
204,2022-05-26 16:00:00,2022-05-27 13:59:06,TrendCont,SELL,TREND_DOWN,DISCRETION,0.470,0.390,-0.034,-0.040,1,479.23,29359.54,0.52,False,BE
205,2022-05-27 12:00:00,2022-05-27 19:50:31,TrendCont,SELL,TREND_DOWN,DISCRETION,0.510,0.474,-0.000,-0.031,0,610.99,28821.54,0.4,False,BE
207,2022-06-03 04:00:00,2022-06-06 01:16:47,TrendCont,SELL,TREND_DOWN,DISCRETION,0.500,0.392,-0.029,-0.068,1,289.72,30431.94,0.86,False,BE
208,2022-06-10 04:00:00,2022-06-11 11:39:49,TrendCont,SELL,TREND_DOWN,DISCRETION,2.520,2.434,-0.023,-0.055,1,357.71,30026.49,0.6900000000000001,False,TP
209,2022-06-20 00:00:00,2022-06-20 09:30:56,TrendCont,SELL,TREND_DOWN,DISCRETION,-1.000,-1.017,-0.000,-0.014,0,919.70,19963.55,0.27,False,SL
210,2022-06-28 08:00:00,2022-07-07 15:07:56,SweepMSS,SELL,TREND_DOWN,TAKE,0.490,0.422,-0.050,-0.015,7,919.94,20984.55,0.27,False,BE
211,2022-07-13 12:00:00,2022-07-13 23:15:49,TrendCont,SELL,TREND_DOWN,DISCRETION,-1.000,-1.023,-0.000,-0.019,0,672.84,19439.94,0.37,False,SL
212,2022-07-14 00:00:00,2022-07-14 15:39:20,DeepFib,SELL,TREND_DOWN,TAKE,0.500,0.456,-0.000,-0.036,0,368.01,20207.84,0.67,False,BE
213,2022-07-19 08:00:00,2022-07-20 12:28:16,DeepFib,BUY,TREND_DOWN,TAKE,2.580,2.523,-0.020,-0.031,1,466.16,21976.56,0.53,False,TP
214,2022-07-22 08:00:00,2022-07-25 19:33:16,SweepMSS,SELL,TREND_DOWN,TAKE,2.020,1.983,-0.010,-0.023,1,676.33,23610.54,0.36,False,TP
215,2022-07-31 16:00:00,2022-08-08 07:53:54,SweepMSS,SELL,CHOP,DISCRETION,0.490,0.426,-0.041,-0.019,5,803.66,23849.74,0.31,False,BE
216,2022-08-09 08:00:00,2022-08-10 00:40:34,SweepMSS,BUY,CHOP,DISCRETION,-1.000,-1.084,-0.044,-0.034,1,449.19,23272.91,0.55,False,SL
217,2022-08-11 20:00:00,2022-08-19 06:31:34,SweepMSS,BUY,CHOP,DISCRETION,-1.000,-1.108,-0.093,-0.012,6,1298.20,23943.31,0.19,False,SL
218,2022-08-22 00:00:00,2022-08-22 15:54:29,TrendCont,SELL,TREND_DOWN,DISCRETION,0.490,0.447,-0.000,-0.035,0,393.57,21419.04,0.63,False,BE
219,2022-08-24 00:00:00,2022-08-24 16:05:07,TrendCont,SELL,TREND_DOWN,DISCRETION,-1.010,-1.051,-0.000,-0.034,0,410.06,21263.84,0.6,False,SL
220,2022-08-29 16:00:00,2022-08-30 04:27:20,TrendCont,SELL,TREND_DOWN,DISCRETION,-1.010,-1.087,-0.031,-0.037,1,350.85,20094.34,0.71,False,SL
221,2022-08-31 12:00:00,2022-09-01 21:15:02,TrendCont,SELL,TREND_DOWN,DISCRETION,0.510,0.436,-0.030,-0.035,1,370.04,20146.34,0.67,False,BE
222,2022-09-02 08:00:00,2022-09-02 12:39:03,TrendCont,SELL,TREND_DOWN,DISCRETION,-1.000,-1.069,-0.000,-0.056,0,232.64,20086.34,1.07,False,SL
223,2022-09-04 12:00:00,2022-09-04 23:31:26,TrendCont,SELL,TREND_DOWN,DISCRETION,-1.020,-1.113,-0.000,-0.075,0,172.25,19784.99,1.45,False,SL
224,2022-09-05 16:00:00,2022-09-06 00:32:29,TrendCont,SELL,TREND_DOWN,DISCRETION,-1.000,-1.103,-0.042,-0.049,1,259.44,19706.94,0.96,False,SL
225,2022-09-08 00:00:00,2022-09-09 03:25:19,TrendCont,SELL,TREND_DOWN,DISCRETION,-1.000,-1.095,-0.038,-0.045,1,274.67,19217.15,0.91,False,SL
226,2022-09-21 16:00:00,2022-09-27 02:57:11,TrendCont,SELL,TREND_DOWN,DISCRETION,-1.000,-1.062,-0.045,-0.013,4,915.64,19009.49,0.27,False,SL
227,2022-09-27 12:00:00,2022-09-27 18:23:31,EMArevQ,SELL,TREND_DOWN,DISCRETION,1.490,1.459,-0.000,-0.025,0,520.61,19888.19,0.48,False,TP
228,2022-09-29 12:00:00,2022-09-29 16:46:11,TrendCont,SELL,TREND_DOWN,DISCRETION,-1.000,-1.046,-0.000,-0.037,0,338.56,19289.90,0.73,False,SL
229,2022-10-13 00:00:00,2022-10-13 12:30:15,TrendCont,SELL,TREND_DOWN,DISCRETION,2.550,2.452,-0.000,-0.079,0,157.81,19087.44,1.58,False,end
230,2022-10-14 16:00:00,2022-10-25 17:00:21,TrendCont,SELL,TREND_DOWN,DISCRETION,-1.000,-1.123,-0.101,-0.017,7,723.26,19159.24,0.34,False,SL
231,2022-11-01 00:00:00,2022-11-01 06:14:15,TrendCont,SELL,TREND_DOWN,DISCRETION,-1.000,-1.138,-0.000,-0.112,0,118.80,20485.09,2.1,False,SL
232,2022-11-06 20:00:00,2022-11-08 15:29:48,TrendCont,SELL,TREND_DOWN,DISCRETION,2.500,2.444,-0.014,-0.034,1,403.39,20908.44,0.61,False,TP
233,2022-11-08 16:00:00,2022-12-14 18:23:30,TrendCont,SELL,TREND_DOWN,DISCRETION,0.450,0.388,-0.055,-0.005,26,2435.70,18285.94,0.1,False,BE
234,2022-12-15 12:00:00,2023-01-10 18:32:49,TrendCont,SELL,TREND_DOWN,DISCRETION,0.500,0.196,-0.262,-0.033,18,345.42,17427.65,0.72,False,BE
235,2023-01-23 04:00:00,2023-01-23 14:59:15,TrendCont,BUY,TREND_UP,DISCRETION,0.500,0.457,-0.000,-0.035,0,416.96,22695.35,0.59,False,BE
236,2023-01-25 04:00:00,2023-01-27 01:36:46,TrendCont,BUY,TREND_UP,DISCRETION,0.500,0.411,-0.046,-0.036,2,413.66,22718.51,0.6,False,BE
237,2023-01-27 04:00:00,2023-01-30 11:42:09,TrendCont,BUY,TREND_UP,DISCRETION,0.490,0.424,-0.034,-0.026,1,570.26,23080.51,0.43,False,BE
238,2023-01-31 04:00:00,2023-02-01 21:09:21,SweepMSS,SELL,TREND_UP,TAKE,-1.000,-1.042,-0.017,-0.021,1,720.83,22977.49,0.34,False,SL
240,2023-02-13 16:00:00,2023-02-14 13:30:38,EMArevQ,BUY,TREND_UP,DISCRETION,0.440,0.306,-0.069,-0.053,1,263.77,21623.01,0.9400000000000001,False,BE
241,2023-02-17 00:00:00,2023-02-22 15:12:04,TrendCont,BUY,TREND_UP,DISCRETION,0.500,0.410,-0.055,-0.029,3,543.15,23841.91,0.46,False,BE
243,2023-03-04 20:00:00,2023-03-05 02:35:22,EMArevQ,BUY,CHOP,DISCRETION,0.510,0.425,-0.000,-0.070,0,206.76,22347.51,1.2,False,BE
244,2023-03-23 00:00:00,2023-03-30 02:31:10,SweepMSS,SELL,TREND_UP,TAKE,-1.000,-1.062,-0.049,-0.012,5,1536.00,27427.84,0.16,False,SL
245,2023-03-30 20:00:00,2023-03-31 07:39:57,TrendCont,BUY,TREND_UP,DISCRETION,-1.060,-1.178,-0.062,-0.048,1,379.16,28031.01,0.65,False,end
246,2023-04-03 08:00:00,2023-04-03 20:57:39,SweepMSS,SELL,TREND_UP,TAKE,2.000,1.903,-0.000,-0.083,0,222.23,28261.44,1.12,False,TP
247,2023-04-05 16:00:00,2023-04-06 10:37:06,TrendCont,BUY,TREND_UP,DISCRETION,-1.010,-1.106,-0.050,-0.039,1,472.52,28242.60,0.52,False,SL
248,2023-04-14 16:00:00,2023-04-17 00:36:27,TrendCont,BUY,TREND_UP,DISCRETION,-1.010,-1.139,-0.068,-0.053,1,374.40,30344.95,0.66,False,SL
249,2023-04-18 16:00:00,2023-04-19 08:10:22,TrendCont,BUY,TREND_UP,DISCRETION,-1.050,-1.136,-0.045,-0.035,1,559.80,30232.51,0.44,False,end
250,2023-04-25 16:00:00,2023-04-26 12:21:54,TrendCont,BUY,TREND_UP,DISCRETION,2.500,2.426,-0.026,-0.040,1,443.03,27602.85,0.56,False,TP
251,2023-04-26 20:00:00,2023-05-01 01:51:28,TrendCont,BUY,TREND_UP,DISCRETION,0.470,0.414,-0.039,-0.015,3,1239.42,28425.10,0.2,False,BE
252,2023-05-01 04:00:00,2023-05-01 15:22:27,EMArevQ,BUY,TREND_UP,DISCRETION,-1.000,-1.059,-0.000,-0.050,0,368.80,28634.95,0.67,False,SL
253,2023-05-02 16:00:00,2023-05-07 23:45:12,TrendCont,BUY,TREND_UP,DISCRETION,0.490,0.362,-0.102,-0.022,4,829.32,28702.96,0.3,False,BE
254,2023-05-10 16:00:00,2023-05-10 21:23:47,SweepMSS,BUY,CHOP,DISCRETION,0.490,0.403,-0.000,-0.075,0,241.16,27708.35,1.03,False,BE
255,2023-05-14 16:00:00,2023-05-16 01:28:11,SweepMSS,BUY,TREND_UP,TAKE,0.490,0.389,-0.036,-0.055,1,316.17,26886.46,0.79,False,BE
256,2023-05-16 04:00:00,2023-05-17 07:46:10,TrendCont,BUY,TREND_UP,DISCRETION,-1.020,-1.124,-0.054,-0.042,1,422.14,27258.91,0.59,False,SL
257,2023-05-20 16:00:00,2023-05-21 11:54:19,TrendCont,BUY,TREND_UP,DISCRETION,-1.000,-1.088,-0.000,-0.074,0,236.34,27071.96,1.05,False,SL
258,2023-05-23 00:00:00,2023-05-24 03:36:05,TrendCont,BUY,TREND_UP,DISCRETION,-1.000,-1.072,-0.038,-0.029,1,609.28,27375.91,0.41000000000000003,False,SL
259,2023-05-26 12:00:00,2023-06-01 02:50:06,TrendCont,BUY,TREND_UP,DISCRETION,0.490,0.321,-0.124,-0.038,4,454.72,26762.21,0.54,False,BE
260,2023-06-02 08:00:00,2023-06-05 15:25:41,TrendCont,BUY,TREND_UP,DISCRETION,-1.020,-1.087,-0.035,-0.027,1,652.11,27134.16,0.38,False,SL
261,2023-06-07 08:00:00,2023-06-07 15:01:12,TrendCont,BUY,TREND_UP,DISCRETION,-1.010,-1.046,-0.000,-0.030,0,578.47,26898.45,0.43,False,SL
262,2023-06-14 00:00:00,2023-06-14 20:05:05,TrendCont,BUY,TREND_UP,DISCRETION,-1.000,-1.073,-0.000,-0.062,0,272.78,25983.10,0.91,False,SL
263,2023-06-19 00:00:00,2023-06-19 15:08:34,TrendCont,BUY,TREND_UP,DISCRETION,0.480,0.353,-0.000,-0.108,0,158.89,26397.16,1.57,False,BE
264,2023-06-25 20:00:00,2023-06-26 01:13:21,TrendCont,BUY,TREND_UP,DISCRETION,-1.080,-1.187,-0.000,-0.093,0,213.02,30469.71,1.17,False,end
265,2023-06-28 12:00:00,2023-06-28 19:30:15,TrendCont,BUY,TREND_UP,DISCRETION,-1.010,-1.063,-0.000,-0.046,0,427.69,30417.51,0.58,False,SL
266,2023-06-30 00:00:00,2023-06-30 05:51:38,TrendCont,BUY,TREND_UP,DISCRETION,0.500,0.456,-0.000,-0.038,0,523.15,30738.56,0.47000000000000003,False,BE
267,2023-06-30 20:00:00,2023-07-14 18:25:57,TrendCont,BUY,TREND_UP,DISCRETION,0.500,0.248,-0.230,-0.019,10,1059.80,30468.16,0.23,False,BE
268,2023-07-20 04:00:00,2023-07-20 14:44:42,TrendCont,BUY,TREND_UP,DISCRETION,-1.010,-1.068,-0.000,-0.050,0,395.16,30208.76,0.63,False,SL
269,2023-07-22 04:00:00,2023-07-22 17:51:32,TrendCont,BUY,TREND_UP,DISCRETION,-1.010,-1.190,-0.000,-0.155,0,125.57,29945.85,1.99,False,SL
270,2023-07-26 16:00:00,2023-07-26 23:21:11,TrendCont,BUY,TREND_UP,DISCRETION,0.500,0.413,-0.000,-0.075,0,254.33,29402.60,0.98,False,BE
271,2023-08-01 16:00:00,2023-08-01 23:29:11,SweepMSS,SELL,CHOP,DISCRETION,-1.030,-1.147,-0.000,-0.101,0,188.61,29267.30,1.32,False,SL
272,2023-08-02 00:00:00,2023-08-04 20:45:16,EMArevQ,SELL,CHOP,DISCRETION,1.320,1.194,-0.074,-0.044,2,435.15,29626.49,0.5700000000000001,False,TP
273,2023-08-14 08:00:00,2023-08-14 14:40:29,DeepFib,SELL,CHOP,DISCRETION,-1.000,-1.259,-0.000,-0.223,0,85.69,29372.15,2.91,False,SL
274,2023-08-23 08:00:00,2023-08-23 15:34:10,DeepFib,SELL,CHOP,DISCRETION,-1.010,-1.099,-0.000,-0.076,0,223.14,25931.79,1.12,False,SL
275,2023-08-24 12:00:00,2023-08-29 16:23:05,SweepMSS,BUY,TREND_DOWN,TAKE,2.030,1.897,-0.102,-0.026,3,642.93,25993.31,0.38,False,TP
276,2023-09-03 12:00:00,2023-09-03 20:51:22,TrendCont,SELL,TREND_DOWN,DISCRETION,-1.010,-1.100,-0.000,-0.076,0,221.59,25871.99,1.12,False,SL
277,2023-09-06 00:00:00,2023-09-06 17:54:13,TrendCont,SELL,TREND_DOWN,DISCRETION,0.440,0.253,-0.000,-0.158,0,105.92,25776.05,2.36,False,BE
278,2023-09-07 04:00:00,2023-09-07 13:42:04,TrendCont,SELL,TREND_DOWN,DISCRETION,0.500,0.309,-0.000,-0.161,0,103.94,25762.15,2.4,False,BE
279,2023-09-11 08:00:00,2023-09-12 03:17:05,TrendCont,SELL,TREND_DOWN,DISCRETION,0.500,0.414,-0.022,-0.053,1,311.81,25601.34,0.8,False,BE
280,2023-09-25 12:00:00,2023-09-27 11:35:47,EMArevQ,BUY,CHOP,DISCRETION,1.280,1.028,-0.173,-0.067,2,255.33,26240.35,0.97,False,TP
281,2023-09-27 12:00:00,2023-09-28 14:49:07,SweepMSS,BUY,TREND_DOWN,TAKE,2.010,1.797,-0.111,-0.086,1,198.98,26288.60,1.25,False,TP
282,2023-10-04 00:00:00,2023-10-05 15:37:52,DeepFib,BUY,CHOP,DISCRETION,0.490,0.361,-0.046,-0.071,1,252.05,27430.16,0.99,False,BE
283,2023-10-06 00:00:00,2023-10-06 12:31:08,DeepFib,BUY,TREND_UP,TAKE,0.490,0.380,-0.000,-0.094,0,190.39,27561.26,1.31,False,BE
284,2023-10-06 12:00:00,2023-10-11 02:34:41,TrendCont,BUY,TREND_UP,DISCRETION,-1.000,-1.115,-0.088,-0.023,3,798.91,27948.85,0.31,False,SL
285,2023-10-19 04:00:00,2023-10-20 08:27:06,DeepFib,BUY,TREND_UP,TAKE,4.050,3.852,-0.071,-0.109,1,168.81,28332.35,1.48,False,TP
286,2023-10-27 20:00:00,2023-11-08 23:46:31,TrendCont,BUY,TREND_UP,DISCRETION,2.530,2.249,-0.235,-0.040,8,545.95,33904.56,0.45,False,TP
287,2023-11-09 20:00:00,2023-11-14 18:43:09,TrendCont,BUY,TREND_UP,DISCRETION,-1.000,-1.117,-0.091,-0.023,3,1021.01,36700.95,0.24,False,SL
288,2023-11-17 20:00:00,2023-11-21 14:46:33,TrendCont,BUY,TREND_UP,DISCRETION,0.500,0.412,-0.056,-0.029,2,826.81,36631.35,0.3,False,BE
289,2023-11-22 16:00:00,2023-11-22 21:00:16,SweepMSS,SELL,TREND_UP,TAKE,-1.000,-1.079,-0.000,-0.070,0,347.93,37300.25,0.71,False,SL
290,2023-11-23 16:00:00,2023-11-26 16:28:15,TrendCont,BUY,TREND_UP,DISCRETION,0.500,0.336,-0.104,-0.053,2,454.49,37283.31,0.55,False,BE
291,2023-11-27 04:00:00,2023-11-28 00:32:39,SweepMSS,SELL,TREND_UP,TAKE,0.500,0.425,-0.020,-0.048,1,502.78,37283.85,0.49,False,BE
292,2023-11-28 12:00:00,2023-11-30 14:03:33,TrendCont,BUY,TREND_UP,DISCRETION,0.490,0.403,-0.046,-0.036,2,681.47,37521.15,0.36,False,BE
293,2023-12-10 12:00:00,2023-12-11 01:02:56,TrendCont,BUY,TREND_UP,DISCRETION,-1.000,-1.095,-0.000,-0.086,0,332.27,43908.61,0.75,False,SL
294,2023-12-14 16:00:00,2023-12-17 23:33:00,TrendCont,BUY,TREND_UP,DISCRETION,-1.000,-1.063,-0.044,-0.017,2,1658.48,43101.15,0.15,False,SL
295,2023-12-20 00:00:00,2023-12-26 09:45:21,TrendCont,BUY,TREND_UP,DISCRETION,0.500,0.346,-0.108,-0.042,4,661.35,42412.40,0.37,False,BE
296,2024-01-04 12:00:00,2024-01-12 16:16:38,TrendCont,BUY,TREND_UP,DISCRETION,0.500,0.378,-0.101,-0.019,6,1471.87,44085.65,0.16,False,BE
297,2024-01-16 12:00:00,2024-01-18 16:40:49,TrendCont,BUY,TREND_UP,DISCRETION,-1.000,-1.084,-0.059,-0.023,2,1244.38,43241.20,0.2,False,SL
298,2024-01-28 20:00:00,2024-01-29 07:49:49,TrendCont,BUY,TREND_UP,DISCRETION,0.500,0.431,-0.000,-0.062,0,442.43,42025.75,0.56,False,BE
299,2024-01-29 12:00:00,2024-01-31 09:59:53,TrendCont,BUY,TREND_UP,DISCRETION,0.500,0.402,-0.062,-0.032,2,862.78,42627.06,0.28,False,BE
300,2024-02-01 16:00:00,2024-02-12 00:26:53,TrendCont,BUY,TREND_UP,DISCRETION,2.570,2.386,-0.161,-0.021,7,1355.26,43207.50,0.18,False,TP
301,2024-02-13 16:00:00,2024-02-15 00:23:33,TrendCont,BUY,TREND_UP,DISCRETION,2.500,2.378,-0.078,-0.040,2,797.41,49054.70,0.31,False,TP
302,2024-02-17 20:00:00,2024-02-20 13:35:36,SweepMSS,SELL,TREND_UP,TAKE,-1.030,-1.095,-0.028,-0.033,1,1004.92,51659.00,0.24,False,end
303,2024-02-20 16:00:00,2024-02-21 12:07:32,TrendCont,BUY,TREND_UP,DISCRETION,-1.000,-1.058,-0.031,-0.024,1,1395.50,52095.95,0.17,False,SL
304,2024-02-25 16:00:00,2024-02-26 09:13:15,TrendCont,BUY,TREND_UP,DISCRETION,-1.010,-1.097,-0.000,-0.079,0,423.00,51670.56,0.59,False,SL
305,2024-02-26 12:00:00,2024-02-28 14:57:11,TrendCont,BUY,TREND_UP,DISCRETION,2.500,2.459,-0.022,-0.017,2,2013.58,52879.00,0.12,False,TP
306,2024-03-06 04:00:00,2024-03-08 15:28:05,SweepMSS,SELL,TREND_UP,TAKE,-1.010,-1.055,-0.027,-0.016,2,2664.10,66682.35,0.09,False,SL
307,2024-03-08 16:00:00,2024-03-12 17:22:42,TrendCont,BUY,TREND_UP,DISCRETION,0.500,0.454,-0.030,-0.015,2,2925.61,68989.36,0.08,False,BE
308,2024-03-12 20:00:00,2024-03-15 02:52:59,TrendCont,BUY,TREND_UP,DISCRETION,-1.000,-1.078,-0.061,-0.016,3,2951.58,71463.96,0.08,False,SL
309,2024-03-17 16:00:00,2024-03-19 03:39:37,TrendCont,BUY,TREND_UP,DISCRETION,-1.000,-1.031,-0.017,-0.013,1,3427.69,68516.26,0.07,False,SL
310,2024-03-22 00:00:00,2024-03-22 11:50:38,TrendCont,BUY,TREND_UP,DISCRETION,-1.000,-1.028,-0.000,-0.026,0,1618.73,65969.36,0.15,False,SL
311,2024-03-27 20:00:00,2024-03-29 15:39:20,TrendCont,BUY,TREND_UP,DISCRETION,0.470,0.354,-0.075,-0.038,2,1172.64,69434.01,0.21,False,BE
312,2024-04-04 12:00:00,2024-04-10 12:39:36,TrendCont,BUY,TREND_UP,DISCRETION,0.450,0.370,-0.063,-0.016,4,2716.24,67687.86,0.09,False,BE
314,2024-04-15 04:00:00,2024-04-15 18:17:56,TrendCont,BUY,TREND_UP,DISCRETION,-1.000,-1.015,-0.000,-0.014,0,3161.92,66317.76,0.07,False,SL
315,2024-04-19 20:00:00,2024-04-30 19:55:30,SweepMSS,BUY,TREND_UP,TAKE,-1.000,-1.096,-0.085,-0.009,7,4403.67,63843.40,0.05,False,SL
316,2024-05-07 00:00:00,2024-05-07 13:50:10,TrendCont,BUY,TREND_UP,DISCRETION,0.500,0.428,-0.000,-0.067,0,613.69,63244.20,0.4,False,BE
317,2024-05-20 00:00:00,2024-05-20 20:00:03,TrendCont,BUY,TREND_UP,DISCRETION,2.510,2.455,-0.000,-0.051,0,846.89,66689.36,0.29,False,TP
318,2024-05-23 00:00:00,2024-05-23 12:56:18,TrendCont,BUY,TREND_UP,DISCRETION,0.350,0.268,-0.000,-0.077,0,585.67,69416.40,0.42,False,end
320,2024-05-24 16:00:00,2024-06-07 18:04:49,TrendCont,BUY,TREND_UP,DISCRETION,0.450,0.211,-0.221,-0.017,10,2639.65,69137.26,0.09,False,BE
321,2024-06-10 12:00:00,2024-06-11 01:52:58,TrendCont,BUY,TREND_UP,DISCRETION,-1.010,-1.129,-0.065,-0.050,1,906.50,70050.76,0.27,False,SL
322,2024-06-16 12:00:00,2024-06-17 07:11:45,TrendCont,BUY,TREND_UP,DISCRETION,-1.010,-1.074,-0.000,-0.060,0,721.88,66695.65,0.34,False,SL
324,2024-06-27 20:00:00,2024-06-28 14:18:49,TrendCont,BUY,TREND_UP,DISCRETION,-1.020,-1.180,-0.087,-0.067,1,594.76,61627.70,0.42,False,SL
325,2024-07-06 20:00:00,2024-07-07 21:23:20,TrendCont,BUY,TREND_UP,DISCRETION,-1.010,-1.032,-0.000,-0.021,0,1840.29,58236.25,0.13,False,SL
326,2024-07-11 20:00:00,2024-07-13 22:59:03,TrendCont,SELL,TREND_DOWN,DISCRETION,-1.010,-1.057,-0.028,-0.017,2,2201.91,57347.69,0.11,False,SL
327,2024-07-18 20:00:00,2024-07-19 19:34:16,TrendCont,BUY,TREND_UP,DISCRETION,2.510,2.392,-0.064,-0.050,1,837.76,63979.45,0.29,False,TP
328,2024-07-21 16:00:00,2024-07-23 19:38:28,TrendCont,BUY,TREND_UP,DISCRETION,-1.000,-1.061,-0.033,-0.026,1,1699.96,67435.65,0.14,False,SL
329,2024-07-25 12:00:00,2024-07-26 02:56:21,EMArevQ,BUY,TREND_UP,DISCRETION,1.110,1.040,-0.038,-0.029,1,1428.55,64778.06,0.17,False,TP
330,2024-07-28 00:00:00,2024-07-29 15:07:15,TrendCont,BUY,TREND_UP,DISCRETION,0.480,0.446,-0.000,-0.032,0,1396.06,67938.55,0.17,False,BE
331,2024-08-08 20:00:00,2024-08-15 20:55:13,TrendCont,BUY,TREND_UP,DISCRETION,-1.000,-1.059,-0.051,-0.008,5,5117.04,61695.45,0.04,False,SL
332,2024-08-15 20:00:00,2024-08-20 05:17:46,EMArevQ,BUY,TREND_DOWN,DISCRETION,1.660,1.540,-0.094,-0.024,3,1544.01,57551.35,0.16,False,TP
333,2024-08-20 16:00:00,2024-08-23 21:19:11,SweepMSS,BUY,CHOP,DISCRETION,2.010,1.914,-0.068,-0.026,3,1478.02,59504.40,0.16,False,TP
334,2024-08-26 08:00:00,2024-08-26 14:38:54,TrendCont,BUY,TREND_UP,DISCRETION,-1.000,-1.071,-0.000,-0.066,0,632.03,63870.56,0.39,False,SL
335,2024-08-29 16:00:00,2024-09-01 13:50:03,SweepMSS,BUY,CHOP,DISCRETION,-1.000,-1.093,-0.066,-0.025,2,1516.45,59260.00,0.16,False,SL
336,2024-09-04 20:00:00,2024-09-06 07:24:43,TrendCont,SELL,TREND_DOWN,DISCRETION,2.540,2.402,-0.074,-0.059,2,638.64,57970.89,0.39,False,TP
337,2024-09-06 12:00:00,2024-09-09 19:54:54,TrendCont,SELL,TREND_DOWN,DISCRETION,-1.000,-1.022,-0.010,-0.011,1,3066.55,54030.19,0.08,False,SL
338,2024-09-09 20:00:00,2024-09-11 16:05:19,EMArevQ,SELL,TREND_DOWN,DISCRETION,0.500,0.405,-0.058,-0.034,2,1080.82,57047.75,0.23,False,BE
339,2024-09-12 12:00:00,2024-09-16 17:12:31,SweepMSS,BUY,TREND_DOWN,TAKE,0.500,0.424,-0.049,-0.025,2,1495.10,57507.56,0.16,False,BE
340,2024-09-22 16:00:00,2024-09-22 22:05:42,TrendCont,BUY,TREND_UP,DISCRETION,-1.040,-1.099,-0.000,-0.055,0,743.99,63163.35,0.33,False,SL
341,2024-09-23 00:00:00,2024-09-30 02:36:06,TrendCont,BUY,TREND_UP,DISCRETION,0.470,0.328,-0.120,-0.021,5,2027.60,64354.56,0.12,False,BE
342,2024-10-04 12:00:00,2024-10-08 15:35:48,TrendCont,BUY,TREND_UP,DISCRETION,0.500,0.396,-0.067,-0.034,2,1165.72,61862.40,0.21,False,BE
343,2024-10-24 00:00:00,2024-11-04 17:20:03,TrendCont,BUY,TREND_UP,DISCRETION,0.500,0.361,-0.117,-0.020,7,2171.55,67250.46,0.11,False,BE
344,2024-11-05 04:00:00,2024-11-10 04:33:11,TrendCont,BUY,TREND_UP,DISCRETION,2.510,2.421,-0.067,-0.021,4,2161.05,68879.05,0.11,False,TP
345,2024-11-14 16:00:00,2024-11-14 21:07:18,TrendCont,BUY,TREND_UP,DISCRETION,-1.010,-1.038,-0.000,-0.027,0,2180.26,89500.46,0.11,False,SL
346,2024-11-15 16:00:00,2024-12-05 03:08:27,TrendCont,BUY,TREND_UP,DISCRETION,2.670,2.463,-0.188,-0.018,14,3246.08,90402.01,0.07,False,TP
347,2024-12-05 20:00:00,2024-12-09 19:42:14,SweepMSS,BUY,TREND_UP,TAKE,0.470,0.365,-0.068,-0.035,2,1792.39,97049.01,0.13,False,BE
348,2024-12-09 20:00:00,2024-12-11 20:28:21,EMArevQ,BUY,TREND_UP,DISCRETION,0.940,0.869,-0.050,-0.019,2,3247.40,97365.05,0.07,False,TP
349,2024-12-12 20:00:00,2024-12-13 15:52:52,TrendCont,BUY,TREND_UP,DISCRETION,0.520,0.348,-0.095,-0.073,1,887.22,100037.01,0.28,False,BE
350,2024-12-14 20:00:00,2024-12-15 23:27:31,TrendCont,BUY,TREND_UP,DISCRETION,2.540,2.465,-0.000,-0.072,0,917.61,101398.71,0.27,False,TP
351,2024-12-18 08:00:00,2024-12-18 16:18:44,DeepFib,BUY,TREND_UP,TAKE,-1.020,-1.070,-0.000,-0.048,0,1418.77,104995.76,0.17,False,SL
352,2024-12-27 08:00:00,2024-12-27 15:32:47,TrendCont,BUY,TREND_UP,DISCRETION,-1.000,-1.028,-0.000,-0.026,0,2380.80,96824.51,0.1,False,SL
353,2025-01-01 12:00:00,2025-01-06 14:53:16,TrendCont,BUY,TREND_UP,DISCRETION,2.580,2.446,-0.095,-0.037,3,1662.89,94218.76,0.15,False,TP
354,2025-01-10 16:00:00,2025-01-13 10:25:51,TrendCont,BUY,TREND_UP,DISCRETION,-1.000,-1.044,-0.024,-0.019,1,3292.38,95324.21,0.07,False,SL
355,2025-01-13 20:00:00,2025-01-14 05:07:38,SweepMSS,SELL,CHOP,DISCRETION,-1.000,-1.138,-0.061,-0.073,1,842.60,94515.39,0.29,False,SL
356,2025-01-20 04:00:00,2025-01-27 06:41:26,TrendCont,BUY,TREND_UP,DISCRETION,-1.000,-1.067,-0.058,-0.009,5,7751.68,106971.40,0.03,False,SL
357,2025-01-28 16:00:00,2025-01-29 06:19:59,DeepFib,SELL,TREND_UP,TAKE,0.500,0.455,-0.013,-0.031,1,2171.91,102399.24,0.11,False,BE
358,2025-01-31 08:00:00,2025-01-31 16:28:09,TrendCont,BUY,TREND_UP,DISCRETION,0.500,0.425,-0.000,-0.072,0,951.57,104728.36,0.26,False,BE
359,2025-02-03 16:00:00,2025-02-18 18:00:19,TrendCont,BUY,TREND_UP,DISCRETION,-1.000,-1.126,-0.117,-0.008,11,8083.50,102069.51,0.03,False,SL
360,2025-03-01 04:00:00,2025-03-02 15:28:31,DeepFib,SELL,CHOP,DISCRETION,-1.000,-1.028,-0.000,-0.027,0,2055.97,84700.99,0.12,False,SL
361,2025-03-04 16:00:00,2025-03-09 22:30:40,TrendCont,BUY,TREND_UP,DISCRETION,-1.000,-1.051,-0.042,-0.008,4,7048.55,88209.11,0.03,False,SL
362,2025-03-13 12:00:00,2025-03-14 15:03:45,TrendCont,SELL,TREND_DOWN,DISCRETION,-1.000,-1.033,-0.015,-0.018,1,2997.80,81027.99,0.08,False,SL
363,2025-03-16 08:00:00,2025-03-16 16:08:36,TrendCont,SELL,TREND_DOWN,DISCRETION,-1.000,-1.027,-0.000,-0.025,0,2110.12,82406.19,0.11,False,SL
364,2025-03-16 16:00:00,2025-03-17 18:48:09,SweepMSS,SELL,TREND_DOWN,TAKE,-1.010,-1.051,-0.000,-0.039,0,1401.99,83110.64,0.17,False,SL
365,2025-03-18 00:00:00,2025-03-19 00:31:40,TrendCont,SELL,TREND_DOWN,DISCRETION,0.470,0.424,-0.013,-0.031,1,1729.51,83134.74,0.14,False,BE
366,2025-03-21 04:00:00,2025-03-23 11:26:36,TrendCont,SELL,TREND_DOWN,DISCRETION,-1.000,-1.099,-0.044,-0.052,1,1044.58,83896.60,0.23,False,SL
367,2025-03-27 20:00:00,2025-03-28 06:53:48,TrendCont,BUY,TREND_UP,DISCRETION,-1.000,-1.089,-0.049,-0.038,1,1490.55,87212.15,0.16,False,SL
368,2025-03-31 16:00:00,2025-04-01 08:32:21,TrendCont,SELL,TREND_DOWN,DISCRETION,-1.010,-1.074,-0.028,-0.034,1,1584.29,82438.10,0.15,False,SL
369,2025-04-08 04:00:00,2025-04-09 17:21:14,TrendCont,SELL,TREND_DOWN,DISCRETION,0.490,0.443,-0.013,-0.032,1,1621.84,79447.19,0.15,False,end
370,2025-04-10 12:00:00,2025-04-11 10:19:25,TrendCont,SELL,TREND_DOWN,DISCRETION,-1.000,-1.025,-0.011,-0.013,1,3910.14,78700.89,0.06,False,SL
371,2025-04-20 20:00:00,2025-04-21 00:26:16,SweepMSS,SELL,CHOP,DISCRETION,-1.010,-1.129,-0.000,-0.112,0,493.13,85183.79,0.5,False,SL
372,2025-04-27 16:00:00,2025-04-28 00:07:06,TrendCont,BUY,TREND_UP,DISCRETION,-1.020,-1.095,-0.000,-0.071,0,861.75,94469.01,0.29,False,SL
374,2025-04-28 16:00:00,2025-04-30 13:53:54,TrendCont,BUY,TREND_UP,DISCRETION,-1.000,-1.159,-0.113,-0.044,2,1413.65,94813.71,0.17,False,SL
375,2025-05-03 12:00:00,2025-05-03 23:35:33,TrendCont,BUY,TREND_UP,DISCRETION,-1.020,-1.121,-0.000,-0.096,0,652.96,96438.86,0.38,False,SL
376,2025-05-13 08:00:00,2025-05-13 19:43:12,SweepMSS,SELL,TREND_UP,TAKE,-1.000,-1.063,-0.000,-0.060,0,1115.44,103740.29,0.22,False,SL
377,2025-05-14 08:00:00,2025-05-14 17:25:14,TrendCont,BUY,TREND_UP,DISCRETION,-1.000,-1.059,-0.000,-0.056,0,1197.85,103956.21,0.2,False,SL
378,2025-05-18 16:00:00,2025-05-19 03:42:51,SweepMSS,BUY,CHOP,DISCRETION,0.480,0.422,-0.000,-0.056,0,1213.15,103928.40,0.2,False,BE
379,2025-05-24 08:00:00,2025-05-25 15:31:30,TrendCont,BUY,TREND_UP,DISCRETION,-1.010,-1.040,-0.000,-0.029,0,2485.66,109236.71,0.1,False,SL
380,2025-05-27 04:00:00,2025-05-28 15:09:57,TrendCont,BUY,TREND_UP,DISCRETION,-1.000,-1.078,-0.043,-0.034,1,2123.44,109557.46,0.11,False,SL
381,2025-05-29 08:00:00,2025-05-29 14:30:59,TrendCont,BUY,TREND_UP,DISCRETION,-1.010,-1.048,-0.000,-0.037,0,1930.38,108825.11,0.12,False,SL
382,2025-06-03 08:00:00,2025-06-03 23:45:59,TrendCont,BUY,TREND_UP,DISCRETION,0.500,0.364,-0.000,-0.130,0,526.92,105351.40,0.47000000000000003,False,BE
383,2025-06-06 20:00:00,2025-06-09 12:45:26,TrendCont,BUY,TREND_UP,DISCRETION,2.500,2.323,-0.098,-0.076,1,895.33,104402.15,0.27,False,TP
384,2025-06-16 00:00:00,2025-06-17 10:35:40,TrendCont,BUY,TREND_UP,DISCRETION,0.470,0.392,-0.030,-0.046,1,1487.91,105941.90,0.16,False,BE
385,2025-06-17 08:00:00,2025-06-17 15:22:29,SweepMSS,BUY,TREND_UP,TAKE,-1.000,-1.059,-0.000,-0.057,0,1214.59,105666.31,0.2,False,SL
386,2025-06-27 12:00:00,2025-06-29 16:47:36,TrendCont,BUY,TREND_UP,DISCRETION,0.480,0.322,-0.087,-0.068,1,1033.77,107387.81,0.24,False,BE
387,2025-06-29 16:00:00,2025-06-30 00:24:34,EMArevQ,SELL,CHOP,DISCRETION,-1.010,-1.072,-0.000,-0.060,0,1167.05,107440.39,0.21,False,SL
388,2025-06-30 08:00:00,2025-06-30 14:08:38,TrendCont,BUY,TREND_UP,DISCRETION,-1.020,-1.249,-0.000,-0.220,0,318.76,107685.01,0.78,False,SL
389,2025-07-06 20:00:00,2025-07-07 14:37:35,SweepMSS,BUY,CHOP,DISCRETION,-1.000,-1.061,-0.000,-0.058,0,1214.57,109234.01,0.2,False,SL
390,2025-07-16 04:00:00,2025-07-18 14:22:27,TrendCont,BUY,TREND_UP,DISCRETION,0.500,0.395,-0.068,-0.035,2,2180.01,118205.90,0.11,False,BE
391,2025-07-20 12:00:00,2025-07-20 22:04:30,TrendCont,BUY,TREND_UP,DISCRETION,-1.000,-1.078,-0.000,-0.075,0,1035.20,118736.40,0.24,False,SL
392,2025-07-21 00:00:00,2025-07-21 06:30:38,SweepMSS,SELL,TREND_UP,TAKE,-1.000,-1.149,-0.000,-0.143,0,538.75,118456.99,0.46,False,SL
393,2025-07-21 12:00:00,2025-07-21 16:18:23,TrendCont,BUY,TREND_UP,DISCRETION,-1.010,-1.129,-0.000,-0.114,0,672.79,118391.61,0.37,False,SL
394,2025-07-22 16:00:00,2025-07-23 14:00:12,TrendCont,BUY,TREND_UP,DISCRETION,-1.000,-1.093,-0.051,-0.040,1,1951.31,119338.71,0.12,False,SL
395,2025-07-26 08:00:00,2025-07-27 16:32:09,SweepMSS,SELL,TREND_UP,TAKE,-1.010,-1.059,-0.000,-0.047,0,1625.57,117844.99,0.15,False,SL
396,2025-07-29 00:00:00,2025-07-29 15:42:43,TrendCont,BUY,TREND_UP,DISCRETION,-1.000,-1.056,-0.000,-0.053,0,1443.63,118772.61,0.17,False,SL
397,2025-08-04 16:00:00,2025-08-06 14:56:04,DeepFib,SELL,TREND_UP,TAKE,0.500,0.339,-0.088,-0.070,2,1070.28,114779.60,0.23,False,BE
398,2025-08-07 04:00:00,2025-08-07 19:45:43,TrendCont,BUY,TREND_UP,DISCRETION,2.550,2.428,-0.000,-0.118,0,635.10,114819.51,0.39,False,TP
399,2025-08-12 00:00:00,2025-08-13 19:21:27,TrendCont,BUY,TREND_UP,DISCRETION,2.560,2.409,-0.058,-0.089,1,865.61,118862.31,0.28,False,TP
400,2025-08-17 08:00:00,2025-08-18 00:29:13,TrendCont,BUY,TREND_UP,DISCRETION,-1.000,-1.067,-0.000,-0.064,0,1201.72,118391.11,0.2,False,SL
401,2025-08-20 00:00:00,2025-08-20 14:08:57,EMArevQ,BUY,TREND_UP,DISCRETION,-1.000,-1.071,-0.000,-0.068,0,1080.16,113535.51,0.23,False,SL
402,2025-08-23 16:00:00,2025-08-24 14:04:31,TrendCont,BUY,TREND_UP,DISCRETION,-1.010,-1.120,-0.000,-0.106,0,706.76,115106.11,0.35000000000000003,False,SL
403,2025-08-28 12:00:00,2025-08-29 07:24:31,SweepMSS,BUY,TREND_UP,TAKE,-1.000,-1.069,-0.038,-0.030,1,2477.10,112699.40,0.1,False,SL
404,2025-09-02 12:00:00,2025-09-25 13:43:43,TrendCont,BUY,TREND_UP,DISCRETION,0.500,0.055,-0.416,-0.028,17,2578.25,110850.21,0.09,False,BE
405,2025-10-08 08:00:00,2025-10-09 14:46:55,TrendCont,BUY,TREND_UP,DISCRETION,-1.000,-1.095,-0.053,-0.041,1,1953.54,122922.81,0.12,False,SL
406,2025-10-21 12:00:00,2025-10-22 11:03:50,TrendCont,BUY,TREND_UP,DISCRETION,-1.000,-1.028,-0.015,-0.012,1,6173.02,113484.40,0.04,False,SL
407,2025-10-29 04:00:00,2025-10-29 15:30:02,TrendCont,BUY,TREND_UP,DISCRETION,-1.000,-1.048,-0.000,-0.046,0,1601.45,113586.31,0.15,False,SL
408,2025-11-08 00:00:00,2025-11-09 18:49:13,TrendCont,SELL,TREND_DOWN,DISCRETION,-1.000,-1.042,-0.000,-0.040,0,1658.71,102544.19,0.15,False,SL
409,2025-11-12 12:00:00,2025-11-19 17:36:12,TrendCont,SELL,TREND_DOWN,DISCRETION,2.720,2.648,-0.051,-0.020,5,3298.10,102161.69,0.07,False,TP
410,2025-11-20 04:00:00,2025-11-20 16:22:39,TrendCont,SELL,TREND_DOWN,DISCRETION,2.570,2.508,-0.000,-0.059,0,1017.06,92255.49,0.24,False,TP
411,2025-11-23 04:00:00,2025-11-23 14:01:28,TrendCont,SELL,TREND_DOWN,DISCRETION,-1.000,-1.046,-0.000,-0.043,0,1285.47,85780.49,0.19,False,SL
412,2025-12-03 12:00:00,2025-12-05 14:41:50,SweepMSS,BUY,TREND_DOWN,TAKE,-1.010,-1.103,-0.066,-0.026,2,2349.53,92385.81,0.1,False,SL
413,2025-12-07 20:00:00,2025-12-11 02:05:35,SweepMSS,BUY,TREND_DOWN,TAKE,0.440,0.363,-0.055,-0.021,3,2784.88,90401.40,0.08,False,BE
414,2025-12-12 12:00:00,2025-12-17 15:00:17,TrendCont,SELL,TREND_DOWN,DISCRETION,0.500,0.446,-0.033,-0.020,3,2986.42,89927.89,0.08,False,BE
415,2025-12-17 16:00:00,2025-12-22 12:33:12,TrendCont,SELL,TREND_DOWN,DISCRETION,-1.000,-1.044,-0.031,-0.012,3,4500.29,86009.79,0.05,False,SL
416,2025-12-22 16:00:00,2026-01-02 16:33:55,TrendCont,SELL,TREND_DOWN,DISCRETION,-1.010,-1.200,-0.167,-0.022,9,2602.56,88070.79,0.09,False,SL
417,2026-01-09 04:00:00,2026-01-09 13:30:05,TrendCont,SELL,TREND_DOWN,DISCRETION,0.460,0.397,-0.000,-0.060,0,991.35,90762.79,0.25,False,end
418,2026-01-09 16:00:00,2026-01-12 02:50:23,TrendCont,SELL,TREND_DOWN,DISCRETION,-1.000,-1.061,-0.027,-0.032,1,1814.29,90346.39,0.13,False,SL
419,2026-01-23 20:00:00,2026-01-27 21:08:55,TrendCont,SELL,TREND_DOWN,DISCRETION,0.500,0.425,-0.041,-0.033,2,1786.55,89514.29,0.13,False,BE
420,2026-02-07 04:00:00,2026-02-08 23:06:42,TrendCont,SELL,TREND_DOWN,DISCRETION,-1.010,-1.022,-0.000,-0.011,0,3983.32,68075.10,0.06,False,end
421,2026-02-09 20:00:00,2026-02-12 16:53:42,TrendCont,SELL,TREND_DOWN,DISCRETION,2.520,2.409,-0.068,-0.040,3,1126.20,70158.99,0.22,False,TP
422,2026-02-15 12:00:00,2026-02-25 18:27:09,TrendCont,SELL,TREND_DOWN,DISCRETION,0.450,0.349,-0.077,-0.023,7,1974.78,69112.29,0.12,False,BE
423,2026-03-01 16:00:00,2026-03-02 15:07:08,TrendCont,SELL,TREND_DOWN,DISCRETION,-1.010,-1.040,-0.000,-0.028,0,1514.01,65976.60,0.16,False,SL
424,2026-03-03 08:00:00,2026-03-04 09:06:52,SweepMSS,BUY,TREND_DOWN,TAKE,2.010,1.957,-0.020,-0.031,1,1404.38,67035.21,0.17,False,TP
425,2026-03-11 08:00:00,2026-03-11 13:31:48,TrendCont,SELL,TREND_DOWN,DISCRETION,-1.000,-1.039,-0.000,-0.037,0,1228.37,69186.99,0.2,False,SL
426,2026-03-14 08:00:00,2026-03-18 20:07:27,DeepFib,BUY,CHOP,DISCRETION,0.470,0.371,-0.054,-0.042,2,1102.40,70764.40,0.22,False,BE
427,2026-03-20 08:00:00,2026-03-20 21:18:50,TrendCont,SELL,TREND_DOWN,DISCRETION,0.480,0.432,-0.000,-0.045,0,1018.85,70479.79,0.24,False,BE
428,2026-03-21 12:00:00,2026-03-22 00:01:45,TrendCont,SELL,TREND_DOWN,DISCRETION,2.560,2.472,-0.000,-0.082,0,557.00,70638.69,0.44,False,TP
429,2026-03-22 00:00:00,2026-03-22 11:52:19,EMArevQ,BUY,TREND_DOWN,DISCRETION,-1.000,-1.040,-0.000,-0.038,0,1194.94,69356.31,0.2,False,SL
430,2026-03-30 16:00:00,2026-03-31 09:17:33,SweepMSS,BUY,TREND_DOWN,TAKE,0.500,0.437,-0.035,-0.027,1,1622.97,66520.90,0.15,False,BE
431,2026-04-19 00:00:00,2026-04-20 07:23:42,TrendCont,SELL,TREND_DOWN,DISCRETION,0.500,0.433,-0.000,-0.063,0,784.33,75563.60,0.31,False,BE
432,2026-04-21 16:00:00,2026-04-22 14:11:38,SweepMSS,BUY,TREND_DOWN,TAKE,2.000,1.938,-0.024,-0.036,1,1339.98,75020.31,0.18,False,TP
433,2026-04-29 12:00:00,2026-05-01 12:33:56,TrendCont,SELL,TREND_DOWN,DISCRETION,-1.000,-1.065,-0.040,-0.024,2,2084.39,75919.10,0.11,False,SL
435,2026-05-13 08:00:00,2026-05-14 14:47:47,TrendCont,SELL,TREND_DOWN,DISCRETION,0.480,0.392,-0.025,-0.059,1,884.51,80496.39,0.28,False,BE
436,2026-05-15 12:00:00,2026-06-01 16:09:56,TrendCont,SELL,TREND_DOWN,DISCRETION,2.620,2.469,-0.125,-0.025,11,2085.54,79129.10,0.11,False,TP
437,2026-06-07 12:00:00,2026-06-07 22:14:37,TrendCont,SELL,TREND_DOWN,DISCRETION,-1.020,-1.064,-0.000,-0.041,0,985.99,62099.10,0.25,False,SL
438,2026-06-09 08:00:00,2026-06-10 15:54:02,TrendCont,SELL,TREND_DOWN,DISCRETION,0.480,0.417,-0.018,-0.042,1,962.74,62664.90,0.25,False,BE
439,2026-06-10 12:00:00,2026-06-11 03:55:45,SweepMSS,SELL,TREND_DOWN,TAKE,0.490,0.404,-0.024,-0.057,1,709.83,62593.15,0.35000000000000003,False,BE
440,2026-06-17 16:00:00,2026-07-06 21:09:07,TrendCont,SELL,TREND_DOWN,DISCRETION,0.500,0.348,-0.132,-0.019,13,2257.71,64258.50,0.11,False,BE
